LOF0_chop,ALLF1_pred,SDIP1_dox,ENSCAFG00000004237,ENSCAFG00000029984,ENSCAFG00000005330,ENSCAFG00000016518,Bias
0.5046597091487364,0.2349286691061088,0.22520291479464769,0.6314815640361302,0.5792319282561742,0.5515303083703685,0.45347566976403036,0.6335453182113612
